{
  "[#6X4:1]-[#6X3$(*=[#6]):2]": 0.0360742788125492,
  "[#6X4:1]-[#1:2]": 0.0637830138313722,
  "[#6X3$(*=[#6]):1]-[#1:2]": 0.0171527012616105,
  "[#6X3$(*=[#6]):1]=[#6X3$(*=[#6]):2]": 0.0231734498655659,
  "[#6X3$(*=[#6]):1]-[#6X3$(*=[#6]):2]": -0.0051624304842791,
  "[#6X4:1]-[#6X4:2]": -0.0003535835549471,
  "[#6X4:1]-[#8X1,#8X2:2]": 0.081854177001202,
  "[#6X3$(*=[#6]):1]-[#6X3$(*=[#8,#16]):2]": -0.0858349780898379,
  "[#6X3$(*=[#8,#16]):1]-[#8X1,#8X2:2]": 0.096714081943382,
  "[#6X3$(*=[#8,#16]):1]=[#8X1$(*=[#6X3]-[#8X2]):2]": 0.1452379882691495,
  "[#6X3$(*=[#8,#16]):1]=[#8X1,#8X2:2]": 0.1991183145653863,
  "[#6X4:1]-[#6X3$(*=[#8,#16]):2]": -0.0588203823952141,
  "[#6X3$(*=[#8,#16]):1]-[#6X3$(*=[#8,#16]):2]": 0.00988118502593,
  "[#8X1,#8X2:1]-[#1:2]": -0.1701894680838944,
  "[#6a:1]-[#8X1,#8X2:2]": 0.0422925043928229,
  "[#6a:1]-[#1:2]": 0.0324247480532894,
  "[#6a:1]:[#6a:2]": 0.0005686448344631,
  "[#6X4:1]-[#6a:2]": 0.0319155033062907,
  "[#6X3$(*=[#8,#16]):1]-[#6a:2]": 0.0558611453576884,
  "[#6X3$(*=[#8,#16]):1]-[#1:2]": 0.1603267370214518,
  "[#6X3:1](~[#8X1,#16X1])(~[#8X1:2])": 1.3877787807814457e-17,
  "[#6X4:1]-[#7X4,#7X3,#7X2-1:2]": 0.2022950437586733,
  "[#7X4,#7X3,#7X2-1:1]-[#1:2]": -0.2039159585138028,
  "[#6X3$(*=[#8,#16]):1]-[#7X2-1$(*-[#6X3$(*=[#8X1,#16X1])]),#7X3$(*-[#6X3$(*=[#8X1,#16X1])]):2]": 0.2384286204941433,
  "[#7X2-1$(*-[#6X3$(*=[#8X1,#16X1])]),#7X3$(*-[#6X3$(*=[#8X1,#16X1])]):1]-[#1:2]": 0.0,
  "[#6X3$(*=[#8,#16]):1]=[#8X1$(*=[#6r]@[#7r,#8r]):2]": -2.775557561562892e-17,
  "[#6a:1]:[#7X3ar5,#7X3+1,#7X3+0$(*-[#6X3$(*=[#7X3+1])]),$([#7X3](-[#8X1-1])=[#8X1]),$([#7X3](=[#8X1])=[#8X1]):2]": 0.0636309955479737,
  "[#7X3ar5,#7X3+1,#7X3+0$(*-[#6X3$(*=[#7X3+1])]),$([#7X3](-[#8X1-1])=[#8X1]),$([#7X3](=[#8X1])=[#8X1]):1]-[#1:2]": 0.0,
  "[#6a:1]-[#6a:2]": -0.0090049216705142,
  "[#6a$(*~[#7aX2,#8aX2]):1]-[#1:2]": 0.0,
  "[#6a$(*~[#7aX2,#8aX2]):1]:[#7X2+0,#7X2-1ar5:2]": 0.1761479179566415,
  "[#6a:1]:[#6a$(*~[#7aX2,#8aX2]):2]": 0.0,
  "[#6a$(*~[#7aX2,#8aX2]):1]:[#6a$(*~[#7aX2,#8aX2]):2]": 0.0,
  "[#6a:1]-[#7X4,#7X3,#7X2-1:2]": 0.4566471921263876,
  "[#6X4:1]-[#7X2-1$(*-[#6X3$(*=[#8X1,#16X1])]),#7X3$(*-[#6X3$(*=[#8X1,#16X1])]):2]": 0.2035553443984247,
  "[#6X4:1]-[#6a$(*~[#7aX2,#8aX2]):2]": -0.0138975824961038,
  "[#7X4,#7X3,#7X2-1:1]-[#8X1,#8X2:2]": 0.3953217703313563,
  "[#7X3+1:1]-[#8X1-1:2]": -9.020562075079397e-16,
  "[$([#7X3](-[#8X1])=[#8X1]),$([#7X3](=[#8X1])=[#8X1]):1]~[#8X1:2]": 0.4111235907128731,
  "[#7X3ar5,#7X3+1,#7X3+0$(*-[#6X3$(*=[#7X3+1])]),$([#7X3](-[#8X1-1])=[#8X1]),$([#7X3](=[#8X1])=[#8X1]):1]-[#8X1,#8X2:2]": 0.0,
  "[#6a:1]-[#7X3ar5,#7X3+1,#7X3+0$(*-[#6X3$(*=[#7X3+1])]),$([#7X3](-[#8X1-1])=[#8X1]),$([#7X3](=[#8X1])=[#8X1]):2]": -0.5074326314941082
}