{
  "[#6X4:1]-[#6X3$(*=[#6]):2]": 0.0656904571194859,
  "[#6X4:1]-[#1:2]": 0.1463724538249679,
  "[#6X3$(*=[#6]):1]-[#1:2]": 0.0231678224282496,
  "[#6X3$(*=[#6]):1]=[#6X3$(*=[#6]):2]": -0.0185001238035945,
  "[#6X3$(*=[#6]):1]-[#6X3$(*=[#6]):2]": 0.0073717803272873,
  "[#6X4:1]-[#6X4:2]": 0.0018729120647978,
  "[#6X4:1]-[#8X1,#8X2:2]": 0.1066815099133643,
  "[#6X3$(*=[#6]):1]-[#6X3$(*=[#8,#16]):2]": 0.0631943191873891,
  "[#6X3$(*=[#8,#16]):1]-[#8X1,#8X2:2]": -0.1336761892216939,
  "[#6X3$(*=[#8,#16]):1]=[#8X1$(*=[#6X3]-[#8X2]):2]": 0.0,
  "[#6X3$(*=[#8,#16]):1]=[#8X1,#8X2:2]": -0.0480586124989119,
  "[#6X4:1]-[#6X3$(*=[#8,#16]):2]": 0.0590832975489724,
  "[#6X3$(*=[#8,#16]):1]-[#6X3$(*=[#8,#16]):2]": -0.011249121977043,
  "[#8X1,#8X2:1]-[#1:2]": -0.123147332022069,
  "[#6a:1]-[#8X1,#8X2:2]": -0.0318513130479334,
  "[#6a:1]-[#1:2]": 0.0475339297826169,
  "[#6a:1]:[#6a:2]": -0.0164537071484405,
  "[#6X4:1]-[#6a:2]": 0.0590692743826322,
  "[#6X3$(*=[#8,#16]):1]-[#6a:2]": -0.0226418415943026,
  "[#6X3$(*=[#8,#16]):1]-[#1:2]": -0.002056070862349,
  "[#6X3:1](~[#8X1,#16X1])(~[#8X1:2])": -1.8735013540549522e-16,
  "[#6X4:1]-[#7X4,#7X3,#7X2-1:2]": 0.2005241100622499,
  "[#7X4,#7X3,#7X2-1:1]-[#1:2]": -0.1059273827766952,
  "[#6X3$(*=[#8,#16]):1]-[#7X2-1$(*-[#6X3$(*=[#8X1,#16X1])]),#7X3$(*-[#6X3$(*=[#8X1,#16X1])]):2]": 0.0717686343920195,
  "[#7X2-1$(*-[#6X3$(*=[#8X1,#16X1])]),#7X3$(*-[#6X3$(*=[#8X1,#16X1])]):1]-[#1:2]": 2.775557561562892e-17,
  "[#6X3$(*=[#8,#16]):1]=[#8X1$(*=[#6r]@[#7r,#8r]):2]": -0.066454146528848,
  "[#6a:1]:[#7X3ar5,#7X3+1,#7X3+0$(*-[#6X3$(*=[#7X3+1])]),$([#7X3](-[#8X1-1])=[#8X1]),$([#7X3](=[#8X1])=[#8X1]):2]": -0.0046509254339097,
  "[#7X3ar5,#7X3+1,#7X3+0$(*-[#6X3$(*=[#7X3+1])]),$([#7X3](-[#8X1-1])=[#8X1]),$([#7X3](=[#8X1])=[#8X1]):1]-[#1:2]": 4.163336342344337e-17,
  "[#6a:1]-[#6a:2]": -0.120541199362035,
  "[#6a$(*~[#7aX2,#8aX2]):1]-[#1:2]": 1.6479873021779667e-17,
  "[#6a$(*~[#7aX2,#8aX2]):1]:[#7X2+0,#7X2-1ar5:2]": 0.1486862568078997,
  "[#6a:1]:[#6a$(*~[#7aX2,#8aX2]):2]": 0.0293160205837703,
  "[#6a$(*~[#7aX2,#8aX2]):1]:[#6a$(*~[#7aX2,#8aX2]):2]": 0.0962656950676067,
  "[#6a:1]-[#7X4,#7X3,#7X2-1:2]": 0.0493290231851232,
  "[#6X4:1]-[#7X2-1$(*-[#6X3$(*=[#8X1,#16X1])]),#7X3$(*-[#6X3$(*=[#8X1,#16X1])]):2]": 0.2034234945977214,
  "[#6X4:1]-[#6a$(*~[#7aX2,#8aX2]):2]": 1.1102230246251563e-16,
  "[#7X4,#7X3,#7X2-1:1]-[#8X1,#8X2:2]": -0.0639898819721195,
  "[#7X3+1:1]-[#8X1-1:2]": -6.938893903907228e-18,
  "[$([#7X3](-[#8X1])=[#8X1]),$([#7X3](=[#8X1])=[#8X1]):1]~[#8X1:2]": -0.1316371541356255,
  "[#7X3ar5,#7X3+1,#7X3+0$(*-[#6X3$(*=[#7X3+1])]),$([#7X3](-[#8X1-1])=[#8X1]),$([#7X3](=[#8X1])=[#8X1]):1]-[#8X1,#8X2:2]": 0.0,
  "[#6a:1]-[#7X3ar5,#7X3+1,#7X3+0$(*-[#6X3$(*=[#7X3+1])]),$([#7X3](-[#8X1-1])=[#8X1]),$([#7X3](=[#8X1])=[#8X1]):2]": 0.0
}